bytes,downloaded,file,key,pdf_url,relevance,resolved_url,sha256,status,status_detail,title,url,year
16070587,True,model_redo_v2/references/papers/2026_tabiclv2_2026.pdf,tabiclv2_2026,https://arxiv.org/pdf/2602.11139,"Open high-performance tabular foundation model; regression, missing values and quantile fine-tuning challenger.",,ab4706efcfc11fe43c28d38a96956f1087e603428d4d7771c50efbc81a6a2ef9,ICML 2026 / arXiv,existing_valid_pdf,"TabICLv2: A better, faster, scalable, and open tabular foundation model",https://arxiv.org/abs/2602.11139,2026
4066189,True,model_redo_v2/references/papers/2025_tabicl_2025.pdf,tabicl_2025,https://arxiv.org/pdf/2502.05564,Foundation-model baseline for medium-sized tabular regression.,,22b3b112d8e2875edc4e1054073f354dc139594f1d2bfe38754592d49d96bc3e,ICML 2025,existing_valid_pdf,TabICL: A Tabular Foundation Model for In-Context Learning on Large Data,https://arxiv.org/abs/2502.05564,2025
6752042,True,model_redo_v2/references/papers/2026_beyond_iid_2026.pdf,beyond_iid_2026,https://arxiv.org/pdf/2606.30410,Direct evidence for temporal/grouped validation and limits of IID leaderboard conclusions.,,7d7f407b087c6c0c8ef716b9745a0a2309ec6cff36d040b97e2e3979b1b31676,arXiv preprint,existing_valid_pdf,"Beyond IID: How General Are Tabular Foundation Models, Really?",https://arxiv.org/abs/2606.30410,2026
1964941,True,model_redo_v2/references/papers/2025_tabarena_2025.pdf,tabarena_2025,https://arxiv.org/pdf/2506.16791,"Broad modern comparison of tuned trees, neural models and tabular foundation models.",,8853fd1a1eb09ee7c25bf6f48a194a8e718103774d39af5bcc402b2c41a735e5,NeurIPS 2025 Datasets & Benchmarks,existing_valid_pdf,TabArena: A Living Benchmark for Machine Learning on Tabular Data,https://arxiv.org/abs/2506.16791,2025
1322161,True,model_redo_v2/references/papers/2025_tabm_2025.pdf,tabm_2025,https://arxiv.org/pdf/2410.24210,Efficient trainable deep ensemble candidate for multi-task and custom censor-aware losses.,,a6988aa10d726e99c706dc92856c5a07f4e3f9fa854d08c8f854f06dc83ea34f,ICLR 2025,existing_valid_pdf,TabM: Advancing Tabular Deep Learning with Parameter-Efficient Ensembling,https://arxiv.org/abs/2410.24210,2025
1050487,True,model_redo_v2/references/papers/2024_tabr_2024.pdf,tabr_2024,https://arxiv.org/pdf/2307.14338,Retrieval model candidate; also highlights leakage risk when nearby site/time records cross folds.,,f6855570a0d96fcc445d355ab10f320f192d5100344d24b08c7308e5377a32fb,ICLR 2024,existing_valid_pdf,TabR: Tabular Deep Learning Meets Nearest Neighbors,https://arxiv.org/abs/2307.14338,2024
4338379,True,model_redo_v2/references/papers/2024_realmlp_2024.pdf,realmlp_2024,https://arxiv.org/pdf/2407.04491,"Strong reproducible MLP and tree defaults, useful as a no-HPO benchmark.",,a4fb4e2cd821175b5afe7fa1af0593068af152711e5397218f1d032ec8b084c0,NeurIPS 2024,existing_valid_pdf,Better by default: Strong pre-tuned MLPs and boosted trees on tabular data,https://arxiv.org/abs/2407.04491,2024
3689265,True,model_redo_v2/references/papers/2024_talent_2024.pdf,talent_2024,https://arxiv.org/pdf/2407.00956,Large empirical audit of tabular deep-learning methods and preprocessing choices.,,e24952bd97fd63aa29d28218ec9a7126c830b3b954ca307fe4ca081dfb19fb43,arXiv / TALENT benchmark,existing_valid_pdf,A Closer Look at Deep Learning Methods on Tabular Datasets,https://arxiv.org/abs/2407.00956,2024
16957699,True,model_redo_v2/references/papers/2025_tabpfn_nature_2025.pdf,tabpfn_nature_2025,https://www.nature.com/articles/s41586-024-08328-6.pdf,High-level evidence for prior-data fitted networks; practical use requires license and access review.,,6b5ce3dba2ef7454ad0868ad733a64b4ac89bcd98307773fad1e0e977caaa013,Nature,existing_valid_pdf,Accurate predictions on small data with a tabular foundation model,https://doi.org/10.1038/s41586-024-08328-6,2025
6826374,True,model_redo_v2/references/papers/2026_tabpfn3_2026.pdf,tabpfn3_2026,https://arxiv.org/pdf/2605.13986,Current large-scale TabPFN generation; research comparison only until weight licensing and authenticated access are accepted.,https://arxiv.org/pdf/2605.13986,68825024d264813f2f094769cbfac5ad9e887883472a50f0c73e1558c6ac4bc7,arXiv technical report,downloaded,TabPFN-3: Technical Report,https://arxiv.org/abs/2605.13986,2026
26436552,True,model_redo_v2/references/papers/2022_tree_vs_dl_2022.pdf,tree_vs_dl_2022,https://arxiv.org/pdf/2207.08815,Supports retaining tuned tree baselines for irregular heterogeneous environmental tables.,,3baeb241e4f50981deb6e8e81f29192b1a84f1abde990d5fe8df4e594d993d6f,NeurIPS 2022,existing_valid_pdf,Why do tree-based models still outperform deep learning on typical tabular data?,https://arxiv.org/abs/2207.08815,2022
1676287,True,model_redo_v2/references/papers/2021_ft_transformer_2021.pdf,ft_transformer_2021,https://arxiv.org/pdf/2106.11959,Reference transformer baseline; now primarily a controlled comparator.,,f2faa32ffd8c15ed8534677f978dc02730fdbe1f94e9c9557ada6aa19163478d,NeurIPS 2021,existing_valid_pdf,Revisiting Deep Learning Models for Tabular Data,https://arxiv.org/abs/2106.11959,2021
643689,True,model_redo_v2/references/papers/2020_ngboost_2020.pdf,ngboost_2020,https://proceedings.mlr.press/v119/duan20a/duan20a.pdf,Distributional-regression benchmark for calibrated concentration uncertainty.,,ba05d460d20c43e5eba6538a6a9b01ad5ac72a8d9e0178a48ed29274fc0888be,ICML 2020,existing_valid_pdf,NGBoost: Natural Gradient Boosting for Probabilistic Prediction,https://proceedings.mlr.press/v119/duan20a.html,2020
1430567,True,model_redo_v2/references/papers/2019_cqr_2019.pdf,cqr_2019,https://arxiv.org/pdf/1905.03222,Finite-sample marginal uncertainty intervals around heterogeneous quantile models.,,e9483113d0563a6b274810c2ab70face7e876e06d4e7687b58d74ff07bdc9ee1,NeurIPS 2019,existing_valid_pdf,Conformalized Quantile Regression,https://arxiv.org/abs/1905.03222,2019
423685,True,model_redo_v2/references/papers/2019_conformal_covariate_shift_2019.pdf,conformal_covariate_shift_2019,https://arxiv.org/pdf/1904.06019,Basis for uncertainty calibration when deployment covariates differ from training.,,d80dba944a136e075bbfe281009152ce42041e0a455f68f73684ace83cfc3fed,NeurIPS 2019,existing_valid_pdf,Conformal Prediction Under Covariate Shift,https://arxiv.org/abs/1904.06019,2019
944176,True,model_redo_v2/references/papers/2020_group_dro_2020.pdf,group_dro_2020,https://arxiv.org/pdf/1911.08731,Worst-source training objective for unbalanced datasets and geographic groups.,,7342848c5921ff5cedf2c27a0f84e38c221c085a9ce28befd9208f2bb0fe36d6,ICLR 2020,existing_valid_pdf,Distributionally Robust Neural Networks for Group Shifts: On the Importance of Regularization for Worst-Case Generalization,https://arxiv.org/abs/1911.08731,2020
22135471,True,model_redo_v2/references/papers/2021_wilds_2021.pdf,wilds_2021,https://arxiv.org/pdf/2012.07421,"Evaluation design for realistic source, geographic and temporal distribution shifts.",,35e7bc2db39b1890ce60ffc1dec9ed6b83f87f2bcf6d8501610010442a52f581,ICML 2021,existing_valid_pdf,WILDS: A Benchmark of in-the-Wild Distribution Shifts,https://arxiv.org/abs/2012.07421,2021
0,False,model_redo_v2/references/papers/2024_inland_habs_2024.pdf,inland_habs_2024,https://pmc.ncbi.nlm.nih.gov/articles/PMC11849997/pdf/nihms-2041063.pdf,"Domain review connecting nutrients, climate, hydrology, monitoring and toxin risk.",,,Nature Reviews Earth & Environment,failed: HTTPError: 403 Client Error: Forbidden for url: https://pmc.ncbi.nlm.nih.gov/articles/PMC11849997/pdf/nihms-2041063.pdf,Harmful algal blooms in inland waters,https://doi.org/10.1038/s43017-024-00578-2,2024
0,False,model_redo_v2/references/papers/2019_microcystin_multisource_2019.pdf,microcystin_multisource_2019,https://pmc.ncbi.nlm.nih.gov/articles/PMC7147962/pdf/nihms-1585874.pdf,Direct domain evidence that combining data sources can improve toxin models while requiring source-aware evaluation.,,,Harmful Algae,failed: HTTPError: 403 Client Error: Forbidden for url: https://pmc.ncbi.nlm.nih.gov/articles/PMC7147962/pdf/nihms-1585874.pdf,Combining national and state data improves predictions of microcystin concentration,https://doi.org/10.1016/j.hal.2019.02.009,2019
0,False,model_redo_v2/references/papers/2025_microcystin_rf_2025.pdf,microcystin_rf_2025,https://www.mdpi.com/2073-4441/17/16/2361/pdf,"Recent task-specific tree-model study; useful for feature hypotheses, not a universal architecture ranking.",,,Water,failed: HTTPError: 403 Client Error: Forbidden for url: https://www.mdpi.com/2073-4441/17/16/2361/pdf,Investigating the Relationship Between Microcystin Concentrations and Water Quality Parameters in Three Agricultural Irrigation Ponds Using Random Forest,https://doi.org/10.3390/w17162361,2025
0,False,model_redo_v2/references/papers/2025_global_bloom_frequency_2025.pdf,global_bloom_frequency_2025,https://academic.oup.com/nsr/article-pdf/12/6/nwaf011/63103531/nwaf011.pdf,Recent global remote-sensing evidence; supports satellite/seasonal context as a separate feature panel.,,,National Science Review,failed: HTTPError: 403 Client Error: Forbidden for url: https://academic.oup.com/nsr/article-pdf/12/6/nwaf011/63103531/nwaf011.pdf,Global elevation of algal bloom frequency in large lakes over the past two decades,https://doi.org/10.1093/nsr/nwaf011,2025
